Name,Titre,Contenu,Excerpt,Catégorie,Date,SEO:Slug
1,Libeo change sa gouvernance pour la facture électronique,"Un bilan solide
En l'espace de quatre années, Libeo est passée d'une start-up en devenir à une entreprise leader dans le secteur de la numérisation des factures, un marché en rapide expansion évalué à 20 milliards d'euros. Partie de rien, l'équipe a su conquérir pas moins de 300 000 entreprises grâce à des services innovants, tels que les paiements en un clic et sans IBAN, devenus la norme aujourd'hui. L'aventure Libeo a été rendue possible grâce à une levée de fonds conséquente de plus de 26 millions d'euros, permettant une expansion ambitieuse et solide malgré un contexte fluctuant en 2022.

Changements à la tête de Libeo
Pour entamer ce nouveau chapitre, l'équipe fondatrice a pris la décision stratégique d'ajuster la gouvernance de l'entreprise. Pierre-Antoine, précédemment CTO/CPO, est promu au poste de CEO, une position où son expertise en matière de factures et paiements électroniques sera grandement valorisée.
""C'est maintenant le début d'un nouveau chapitre pour Libeo avec de nouveaux défis à venir et le plus important est de construire une proposition de valeur produit plus forte pour continuer à croître dans le contexte de la révolution de la facture électronique.""

Une vision continuée
Pierre Dutaret, tout en cédant sa place, continuera d’œuvrer au sein de Libeo en tant que membre du conseil d'administration, apportant sa connaissance profonde du marché et contribuant à la vision stratégique de l'entreprise. Il exprime une gratitude profonde envers les clients et partenaires, réitérant l'engagement indéfectible de l'équipe envers leur succès.
""Chers clients et partenaires, je tiens à vous remercier chaleureusement pour votre confiance. L'équipe reste engagée envers votre succès, aujourd'hui plus que jamais.""","Pierre-Antoine, ex-CTO/CPO de Libeo, prend les rênes pour mener l'expansion et préparer Libéo à la facture électronique..",Annonce,27/3/2023,libeo_change_sa_gouvernance_pour_la_facture_électronique
2,Silae rachète Bleexo pour enrichir son SIRH,"Développements significatifs
Acquisition de Bleexo par Silae :
- Contexte : Annonce faite juste avant le Salon Solutions RH (Paris Expo, 21-23 mars).
- Stratégie : 7ème acquisition depuis le rachat de Silae par Silver Lake en 2020.
- Vision de Thomas Bourgeois, CEO de Silae : Insiste sur la nécessité des outils tels que Bleexo pour améliorer la Qualité de Vie au Travail (QVT).

Integration dans SIRH Silae RH Pro :
- Cible : Entreprises de plus de 50 salariés.
- Clientèle existante de Bleexo : 195 entreprises, incluant des noms notables comme Crédit Agricole et MAIF, totalisant 130 000 utilisateurs.
- Offre : Une suite de 5 outils centrée sur l'amélioration de l'expérience collaborateur et la collecte de feedbacks, disponible en 20 langues dans 40 pays.
- Déploiement rapide : Mise en place d'un programme de primo-adoptants parmi les partenaires de Silae.
Réactions et perspectives
Départ de Stéphane Waller :
« J’ai le plaisir de vous annoncer, chers abonnés, que nous venons, Sylvain [ndlr : Lapendry, CTO et cofondateur] et moi, de vendre Bleexo à Silae : 2 entreprises chacune leader de sa catégorie, qui se rencontrent ! Un beau mariage ! [...] Et maintenant, Je passe le relais à Thomas Bourgeois et sa team et souhaite bon vent à Bleexo et Silae. »

Tournant stratégique pour Silae :
- Avant : Une approche principalement RH et administrative.
- Maintenant : Une orientation plus centrée sur l'expérience salarié, avec des initiatives visant, par exemple, le benchmark des salaires.
- Équipe Bleexo : Continuera à opérer depuis Toulouse avec 28 collaborateurs.

Ce développement majeur dans le secteur des SIRH souligne l'engagement croissant des entreprises à investir dans les outils favorisant l'amélioration de l'expérience collaborateur, dans un contexte marqué par des transformations massives du marché du travail.","Silae a annoncé l'acquisition de Bleexo, une start-up qui se focalise sur l'optimisation de l'expérience collaborateur.",Acquisition,23/3/2023,silae_rachète_bleexo_pour_enrichir_son_sirh
3,Pennylane vise 80% du marché dans 5 ans,"Récit d'une success story
- Rencontre et confiance : Six amis se réunissent après une première aventure réussie avec PriceMatch, revendue à Booking.com.
- Vision commune : Ils partent à la conquête d'un marché grandissant, celui des outils financiers pour entreprises, en créant Pennylane.
- Stratégie : Chercher un marché déjà établi et prêt à payer pour un service de qualité, en évitant les erreurs du passé.

""On s’est dit que c’était maintenant ou jamais, sinon la vie allait nous séparer et chacun serait parti dans un projet ou un autre,"" confie Arthur Waller, le CEO de Pennylane.

Trajectoire et ambitions
- Début : Fondation en septembre 2019, avec une ébauche du logiciel.
- Mai 2020 : Première levée de fonds (4 millions d'euros) et acquisition des premiers clients malgré un produit encore en développement.
- 2021-2022 : Multiples levées de fonds dont une série B de 50 millions en janvier 2022, propulsée par le fonds Sequoia.

""Ils investissent dans des boîtes qui, d’après eux, peuvent créer des catégories. Leur critère numéro un, c’est que ta boîte puisse devenir énorme,"" explique Arthur.

Le défi Sequoia
- Philosophie : Créer un ""Financial OS"" pour les TPE/PME en Europe, un marché encore vierge contrairement aux États-Unis dominés par Intuit et son QuickBooks.
- Opportunité : Le retrait d'Intuit du marché européen fin 2022 offre une opportunité sans précédent à Pennylane pour dominer le marché.
""Nous sommes sur un marché que l’on appelle “winner takes all”. Plus tu as de cabinets, plus tu as de clients, et plus tu as de clients et plus tu remportes de nouveaux cabinets,"" précise le CEO de Pennylane.

Un futur audacieux
- Objectif : Atteindre 80 % du marché dans un horizon de cinq ans, un but assumé sans sourciller par Arthur Waller.
- Vision : Ne pas se vendre mais devenir un géant du secteur, dépassant les concurrents actuels tels que Sage et Cegid.

""On ne fait absolument pas Pennylane pour le revendre. On veut vraiment l’emmener très loin,"" assure Arthur Waller, marquant la ferme intention de l'équipe de diriger un leader du marché durable et indépendant.","Un an après avoir une levée de fonds de 50m€ avec Sequoia, Pennylane souhaite atteindre 80 % du marché dans un horizon de cinq ans.",Tendance,6/3/2023,pennylane_vise_80%_du_marché_dans_5_ans
4,"Axonaut, logiciel de gestion, lève 10m€","Axonaut : Qui sont-ils ?
- Nicolas Ricard, co-fondateur : Ancien développeur au Centre National d'Études Spatiales (CNES) et chef de projet grands comptes. A commencé l'aventure entrepreneuriale en 2014 avec son associé, Nicolas Michel.
- Historique : Unooc, le comparateur de médicaments était leur première entreprise.
- Constat : les chefs de petites entreprises perdent du temps sur des tâches non essentielles.
- Problème avec les outils existants : Logiciels de comptabilité obsolètes et complexes.
- Logiciels ERP : Trop complexes avec trop d'étapes pour des tâches simples.
- Outils anglo-saxons : Spécialisés mais manquant de certaines fonctionnalités.
Fonctionnalités d'Axonaut :
- Objectif : Fournir un outil simple pour les tâches concrètes du quotidien.Prospection : Synchronisation avec agendas et emails.
- Devis : Création facile avec signature électronique.
- Facturation : Conversion de devis, paiements en ligne, et facturation récurrente.
- Autres : Envoi de courriers recommandés, capture d'images de reçus, lecture automatique des factures fournisseurs, et suivi bancaire.
- Exportation : Pour les comptables via un portail dédié.

Levée de fonds : Détails et motivations
- Montant : 10 millions d'euros
- Objectif : Étendre Axonaut à toute la France et améliorer le logiciel pour aider davantage les gérants de TPE.
- Investisseurs : 
    - The Moon Venture : Déjà investisseur lors du premier tour.
    - Matmut Innovation : Introduits par The Moon Venture.
    - Bpifrance : Soutient Axonaut depuis le début.

""Dans 5 ans, Axonaut sera utilisé par des centaines de milliers d’entrepreneurs pour leur faire gagner un maximum de temps!"" - Vision d'Axonaut pour le futur.
","Axonaut, startup axée sur l'optimisation des tâches quotidiennes des entreprises, a levé 10 millions d'euros pour étendre ses activités et son produit.",Levée de fond,16/12/2022,axonaut__logiciel_de_gestion__lève_10m€
5,"Evoliz, logiciel de facturation, lève 3m€","Parcours du co-fondateur
- Début de carrière : François Aupetit a débuté son parcours avec une formation en informatique et gestion à Toulon, où il a rencontré son futur associé, Olivier Gasquet. Ils ont plus tard travaillé ensemble chez b-pack.
- Naissance d'Evoliz : L’idée d’Evoliz a germé en 2008, une période marquée par l’introduction du statut d’autoentrepreneur en France et l'absence d'outils en ligne pour gérer une société. En 2009, avec le lancement du portail myAE.fr, le succès fut immédiat, conduisant à la création de Triiptic et plus tard, à celle d’Evoliz.
- Distribution : Le logiciel est distribué directement via leur site internet ainsi qu’à travers un réseau d'experts-comptables, sous la supervision de leur associé Julien Chevry.
Fonctionnalités d'Evoliz
- Un ERP adapté : Evoliz fonctionne comme un ERP simplifié qui ne nécessite pas de connaissances comptables préalables. Il permet une gestion complète des ventes et des achats d'une entreprise, avec une intégration directe avec les banques.
- Certifications : Le logiciel détient les certifications NF525 et NF203, assurant sa conformité avec la loi anti-fraude à la TVA de 2018, un avantage distinctif sur le marché.
- Préparation à la réforme : Avec l'arrivée de la réforme de la facturation électronique, Evoliz se positionne comme un outil déjà prêt à accueillir les changements à venir.
Perspectives futures
- Raisons de la levée de fonds : Malgré une croissance rentable, la levée de fonds vise à accentuer l'avance d'Evoliz sur le marché et à étendre sa notoriété.
- Partenariat avec Odyssée Ventures : L'entrée d'Odyssée Ventures dans le capital a été motivée par une confiance mutuelle et une exigence partagée quant à la vision du projet.
- Vision à 5 ans : Dans un futur proche, Evoliz envisage de devenir leader sur le marché français des solutions de facturation électronique et prévoit une expansion à l'international en alignement avec les objectifs européens pour 2028.","La start-up française Evoliz, spécialisée dans les logiciels de facturation en ligne pour les TPE/PME, a levé 3 millions d'euros.",Levée de fond,3/2/2023,evoliz__logiciel_de_facturation__lève_3m€
6,Chaintrust et Inqom s'associent pour une offre commune,"Chaintrust et Inqom : Un partenariat stratégique

- Genèse du partenariat : La collaboration entre Chaintrust et Inqom a vu le jour lors du 77e Congrès de l'Ordre des experts-comptables en septembre 2022.
- Offre conjointe : Les deux entreprises proposent une offre intégrée, combinant l'intelligence artificielle d'Inqom avec l'automatisation de saisie comptable de Chaintrust, permettant aux experts-comptables de se libérer des tâches répétitives et chronophages.
- Avantages : 
    - Gain de temps dans les missions quotidiennes
    - Réduction des erreurs grâce à des outils performants
    - Réduction des coûts

La collaboration en profondeur
« Nous nous sommes vite aperçus que nous partagions des synergies communes. » - Mikael Gandon, CEO de Chaintrust

- Conception technique : Les équipes techniques ont collaboré pour créer une API permettant d'interconnecter Inqom et Chaintrust et d'automatiser un maximum de tâches comptables.
- Transmission fluide : Grâce à l'API, les écritures comptables générées sur Chaintrust sont directement transmises sur Inqom, facilitant ainsi le travail des experts-comptables.

Paroles de dirigeants
« Nous sommes ravis de collaborer avec Chaintrust pour offrir une solution toujours plus performante. » - Romain Passilly, CEO d'Inqom

- Engagement : Les CEOs des deux entreprises expriment leur enthousiasme et leur engagement à soutenir les experts-comptables dans leur métier, soulignant une vision partagée de l'avenir de la profession.
- Focus sur le conseil : L'objectif principal est de permettre aux professionnels de se concentrer davantage sur le conseil et l'accompagnement de leurs clients.
","Chaintrust et Inqom, deux entreprises spécialisées dans les logiciels pour experts-comptables, lancent une offre commune.",Partenariat,19/4/2023,chaintrust_et_inqom_s_associent_pour_une_offre_commune
7,"Le Village Connecté (ACD, RCA, Coaxis) développe sa PDP","Projet de Plateforme de Dématérialisation Partenaire
- Création d'une PDP sous la marque Le Village Connecté: Englobant des entreprises comme ACD Groupe, RCA, et Coaxis, le Village Connecté est en phase de créer une plateforme centralisée et industrielle destinée à faciliter le processus de facturation électronique, en lien direct avec la réforme à venir. Ils cherchent à garantir une interopérabilité accrue et l'indépendance numérique des cabinets d'experts-comptables.
- Bénéfices pour les cabinets d'experts-comptables:
    - Réduction significative des tâches manuelles: Grâce à la PDP, les cabinets pourront voir leurs tâches manuelles de saisie des données de facturation considérablement réduites.
    - Une solution globale et intégrée: La PDP du Village Connecté cherche à offrir une réponse globale aux besoins des cabinets, en s'appuyant sur la force de solutions déjà existantes d'ACD et RCA.
""Au sein du Village Connecté, nous avons les deux premières briques avec ACD et RCA pour apporter une solution globale à nos clients. Il ne nous manque plus que la brique PDP pour être à 100% au service de la profession comptable dans le cadre de la facture électronique,"" note Eric Choteau-Laurent, président d'ACD.

Implications de la réforme de la facture électronique
- Changements majeurs à partir de 2024:
    - Obligation d'utiliser des plateformes dématérialisées: Les échanges de factures entre entreprises ne pourront plus se faire en direct, toutes les factures devront transiter par une plateforme dédiée comme un portail public de facturation ou une plateforme de dématérialisation partenaire.
    - Échéancier de mise en place: La réforme prévoit des échéances spécifiques pour les différentes tailles d'entreprises, s'étalant de juillet 2024 à janvier 2026.
- Préoccupations et opportunités pour les experts-comptables:
    - Mise en avant de l'expert-comptable: Le Village Connecté souhaite que sa PDP soit un outil renforçant la position des experts-comptables, en évitant qu'ils soient écartés des flux de factures.
    - Optimisation de l'expérience utilisateur: Le service proposé par Le Village Connecté vise à faciliter au maximum l'offre de services des experts-comptables avec une expérience utilisateur optimale.
Mais pour Jérôme Clarysse, président de RCA, ""le risque majeur de la facture électronique, c’est que l’expert-comptable soit écarté des flux de factures. D’autres acteurs en devenant PDP voudront maîtriser ces flux pour en exploiter la richesse, et empiéteront ainsi sur la relation client/expert-comptable.""

Vers une solution intégrée et sécurisée
- Sécurité et maîtrise des données: Le trio ACD, RCA et Coaxis aspirent à garantir l'archivage et le stockage sécurisés des données de facturation, permettant aux cabinets d'experts-comptables de déployer des services à haute valeur ajoutée tels que l'analyse prédictive.
- Synergie et vision à long terme: Le désir de devenir une PDP est né de mois de synergies et s'inscrit dans une stratégie à long terme du Village Connecté. Ils ont constitué une équipe dédiée pour ce projet, mettant l'accent sur l'efficacité et la simplicité.
","Le Village Connecté - un groupement impliquant ACD Groupe, RCA et Coaxis - révèle son projet ambitieux de PDP.",Annonce,24/1/2023,le_village_connecté__acd__rca__coaxis__développe_sa_pdp
8,Dext s'explique sur la facture électronique,"La vision de Dext sur la facturation électronique
- Florent Dujardin, le Directeur général France de Dext, souligne l'importance cruciale de la généralisation de la facture électronique pour Dext, qui sert plus de 200 000 entreprises en France, générant plus de 10 millions d'euros de chiffre d'affaires principalement grâce à ses solutions de réception et traitement de factures.
- Le calendrier réglementaire présente deux dates cruciales : le 1er juillet 2024 et le 1er janvier 2026, avec des impacts divergents pour les éditeurs de logiciels, les entreprises et les cabinets d'expertise comptable.

1er juillet 2024 : Un impact modéré mais significatif
- Dujardin ne croit pas en un « big bang » en 2024, suggérant plutôt que les entreprises pourraient devenir un peu plus efficaces, même sans préparation adéquate.
- Néanmoins, il insiste sur la nécessité pour les entreprises et les cabinets d'expertise comptable de se préparer non pas par crainte du changement, mais pour de bonnes raisons, dont l'arrivée de nouveaux concurrents et les attentes croissantes des clients.

1er janvier 2026 : Un changement majeur en perspective
- Dujardin anticipe un changement plus important en 2026, où presque toutes les entreprises devront être capables d'émettre des factures électroniques via un logiciel conforme.
- Il note également que certaines factures n'entreront pas dans le circuit de la facturation électronique, soulignant le rôle continu des solutions de reconnaissance.

Dext et les défis à venir pour les éditeurs de logiciels
- Selon Dujardin, 2024 représentera un défi majeur pour les éditeurs de logiciels, qui devront faciliter la transition vers la facturation électronique pour les entreprises et les cabinets d'expertise comptable.
- Dext prévoit de s'associer à une future plateforme de dématérialisation des données (PDP) pour offrir plus de valeur à ses clients, tout en préservant l'ouverture et l'interopérabilité.
""Il n'y aura pas de big bang de la facturation électronique en 2024,"" affirme Florent Dujardin.

Les futurs produits de Dext pour l'émission de factures
- Dext annonce le lancement prochain d'un logiciel de facturation qui cherchera à répondre aux besoins des entreprises en termes de simplicité et de conformité.
- Deux types de logiciels de facturation seront proposés : un pour les entrepreneurs à la recherche de simplicité et de conformité, et une version plus avancée prévue pour plus tard en 2023, offrant des fonctionnalités supplémentaires pour augmenter l'efficacité des entreprises.
- En gérant à la fois l'émission et la réception des factures, Dext vise à devenir une plateforme globale de gestion de la facture.
",Dext présente sa nouvelle solution de facturation et précise sa vision sur la généralisation de la facturation électronique en France.,Facture électronique,7/3/2023,dext_s_explique_sur_la_facture_électronique
10,"Pennylane lève 29,5m€ ce qui la valorise 487m€","Un financement récurrent pour soutenir une croissance continue
- Pennylane, la start-up normande fournissant une solution SaaS pour les TPE-PME et les experts comptables, poursuit son expansion grâce à une nouvelle levée de fonds de 29,5 millions d'euros.
- Le financement, correspondant à sa série C, a été orchestré par le fonds DST Global, créé par le milliardaire Yuri Milner, avec une contribution significative du fonds américain Sequoia, déjà investisseur dans les précédentes levées de Pennylane en 2021 et 2022.
- D'après Les Echos, cette opération porte la valorisation de l'entreprise à 487 millions d'euros, en hausse de 13% par rapport à son dernier financement.

Développement et nouvelles fonctionnalités
- La fintech, forte de 50 000 clients, grâce notamment à des partenariats avec des cabinets d'experts-comptables, a enrichi son offre en septembre dernier avec une fonctionnalité de compte pro.
- Cette nouveauté offre à ses utilisateurs la possibilité de centraliser la gestion de leurs dépenses et leur comptabilité sur une unique plateforme.

Vers une transformation du marché de la facturation électronique
- Pennylane vise également le marché en pleine croissance de la facturation électronique, dont la généralisation est attendue pour juillet 2024 dans le cadre de la réforme de la loi Pacte.
- La start-up a exprimé son intention de déposer un dossier cet été pour obtenir l’agrément de la DGFiP concernant l'immatriculation des plateformes de dématérialisation partenaires (PDP), nécessaire pour permettre aux entreprises de satisfaire à leurs obligations légales futures.
- Il est à noter que ce service d'immatriculation, ouvert depuis le 1er mai, n'a encore validé aucune plateforme.","Pennylane a récemment levé 29,5 millions d'euros dans un tour de table mené par le fonds DST Global, ce qui la à 487 millions d'euro.",Levée de fond,3/5/2023,pennylane_lève_29_5m€_ce_qui_la_valorise_487m€
12,Tiime annonce que sa PDP sera gratuite,"Nouvelle réglementation et réponse de Tiime
À partir de juillet 2024, toutes les entreprises françaises assujetties à la TVA devront être en mesure de recevoir des factures électroniques, conformément à la réglementation imposée par le gouvernement français. Face à cette évolution importante, Tiime a exprimé son désir de devenir une Plateforme de Dématérialisation Partenaire (PDP) agréée.
Dans un effort continu pour simplifier l'entrepreneuriat, l'éditeur a déclaré vouloir offrir l'accès à cette plateforme de manière gratuite. Cette démarche s'inscrit dans la continuité de leur application de facturation Tiime Invoice, déjà accessible sans frais, qui intégrera de nouvelles fonctionnalités relatives à la facturation électronique.
Des outils pour faciliter le quotidien des entrepreneurs et des experts-comptables
La nouvelle plateforme promet de révolutionner les procédés administratifs en cours, offrant une simplification administrative significative. Les fonctionnalités envisagées permettront aux entrepreneurs de gérer plus facilement le cycle de vie d'une facture et faciliteront l'accès instantané aux données pour les experts-comptables.
""C'est un formidable bond en avant technologique pour les processus de facturation. Nous saluons l'initiative de l'État français, car cela devrait permettre aux entreprises une simplification administrative phénoménale"", a souligné Martin Jacqmin, Directeur Produit chez Tiime.
Sécurité et conformité
Pour garantir la sécurité et la confidentialité des données, Tiime affirme que le projet respectera les normes strictes, y compris la norme de sécurité ISO 27001. De plus, la souveraineté des données sera préservée grâce à un hébergement certifié SecNumCloud.
La mise en conformité avec le cahier des charges technique établi par l'État est également une priorité pour l'entreprise, assurant ainsi une plateforme fiable et sécurisée pour tous les utilisateurs.
À propos de Tiime
Depuis 2015, Tiime se démarque comme un éditeur de logiciels 100% français et autofinancé, collaborant avec plus de 100 000 entrepreneurs et plus de 1000 experts-comptables partenaires. Sa solution de facturation est hautement appréciée, avec une note remarquable de 4,8/5 sur le marché.","Tiime annonce son intention de proposer gratuitement sa future PDP aux entreprises et experts-comptables, dans la continuité de Tiime Invoice.",Facture électronique,11/5/2023,tiime_annonce_que_sa_pdp_sera_gratuite
13,Le service d'immatriculation des PDP a ouvert,"Afin de préparer la mise en place progressive de la facturation électronique, dont les obligations entreront pleinement en vigueur à partir du 1er juillet 2024, un nouveau service d’immatriculation pour les plateformes de dématérialisation partenaires (PDP) voit le jour. Cette structure sera l'interlocuteur privilégié des PDP et ouvrira ses portes le 2 mai 2023.
Missions principales
Ce service, basé à Lille sous la tutelle de la DGFiP, aura pour rôle principal :
- D'encadrer la procédure d'immatriculation des PDP et de gérer le renouvellement périodique de cette immatriculation
- De surveiller le respect des obligations de transmission par les PDP et les utilisateurs, avec une faculté de mettre en œuvre des sanctions pécuniaires si nécessaire
- De gérer le retrait du numéro d'immatriculation des PDP en cas de manquements répétés à leurs obligations
Procédure de candidature pour les entreprises
Les entreprises aspirant à obtenir le statut de PDP devront passer par une procédure spécifique. Celle-ci implique :
- Le dépôt d'une candidature via un formulaire déclaratif disponible sur le site ""démarches simplifiées""
- L'accompagnement par un guide utilisateur pour faciliter la soumission des dossiers
Phase d'expérimentation avant le déploiement
Avant la mise en application totale des mesures, une phase d'expérimentation sera mise en place au premier semestre 2024. Pendant cette période, les utilisateurs auront la possibilité :
- D'utiliser le portail public de facturation (PPF) pour la saisie, le dépôt ou la transmission de leurs factures électroniques et les données obligatoires
- De faire appel à des opérateurs de dématérialisation, agréés en tant que PDP, pour ces mêmes services
Ces préliminaires permettront d'assurer un déploiement fluide et efficace de la facturation électronique à partir du 1er juillet 2024.",Un service d’immatriculation pour les PDP ouvre le 2 mai 2023 pour encadrer et superviser le processus de la réforme de la facture électronique.,Facture électronique,2/5/2023,le_service_d_immatriculation_des_pdp_a_ouvert
14,"HiFiveWork lance AfricaPaieRH, outil SIRH en Afrique francophone","Lancement d'AfricaPaieRH
Le secteur des PME en Afrique francophone est sur le point de connaître une évolution majeure grâce au lancement d’AfricaPaieRH, une plateforme dédiée à la gestion RH.
Un outil adapté aux spécificités régionales
En se concentrant précisément sur les petites et moyennes entreprises d’Afrique francophone, AfricaPaieRH se démarque nettement des autres solutions présentes sur le marché, souvent axées sur des entreprises de plus grande envergure.
Fonctionnalités ciblées
Le logiciel propose une gamme de fonctionnalités pensées pour faciliter et optimiser la gestion quotidienne du personnel. Parmi ces outils, nous retrouvons :
- Une gestion simplifiée des congés et absences
- Un système de planification du personnel efficace
- Un coffre-fort numérique sécurisé pour le stockage des documents RH
- Une approche digitalisée pour le traitement des notes de frais
Flexibilité et personnalisation
AfricaPaieRH met en avant sa flexibilité, permettant aux entreprises d’activer uniquement les fonctionnalités dont elles ont besoin, une approche qui promet de réduire les coûts inutiles tout en fournissant un service personnalisé.
Conclusion
AfricaPaieRH arrive sur le marché avec la promesse d’une solution à la fois complète et flexible, positionnant les PME d’Afrique francophone sur la voie de la digitalisation avancée en matière de gestion des ressources humaines. Un pas important vers un futur plus simplifié et optimisé pour les entreprises de la région.",HiFiveWork annonce AfricaPaieRH est une plateforme RH et paie innovante axée sur les besoins des PME d'Afrique francophone.,Annonce,6/6/2023,hifivework_lance_africapaierh__outil_sirh_en_afrique_francophone
15,"Agiris rachète Welyb, portail client et GED en SaaS","Contexte de l'acquisition
Le 4 juillet 2023 marque un tournant pour Welyb, désormais détenu entièrement par le Groupe ISAGRI, spécialiste des solutions logicielles. Un choix stratégique, rendu public le 6 juillet, nourri par un début d'année prometteur pour Welyb, affichant un chiffre d'affaires pour les six premiers mois de 2023 déjà supérieur à celui de 2022, et par la sortie d'une nouvelle application mobile. Les fondateurs aspirent à continuer sur cette lancée, œuvrant pour un ""internet simple, sécurisé, ouvert et responsable"".
Les ambitions redéfinies
L'intégration au sein du Groupe ISAGRI offre à Welyb l'opportunité d'accélérer sa croissance face à des défis de taille, notamment l'arrivée de la facturation électronique en France et la nécessité d'une digitalisation rapide des entreprises. La décision s'est imposée naturellement, rejoindre ISAGRI représentant une alternative à une levée de fonds. L'objectif ? Construire un internet souverain et européen, tout en développant de nouveaux services liés à la gestion de documents.
Les perspectives futures
Le partenariat se veut mutuellement bénéfique ; Welyb conservant son équipe et son organisation, tout en ambitionnant de devenir leader en gestion électronique de documents (GED) pour les experts-comptables, fort d'une augmentation de services via Cecurity, également membre du Groupe ISAGRI. Cette collaboration va notamment permettre de proposer une solution de PDP à leurs clients et de poursuivre une logique d'ouverture et d'interconnexion avec divers outils des cabinets et clients.
""En rejoignant le Groupe ISAGRI, nous faisons le choix de l’ambition."" - Communiqué de presse Welyb, 5 juillet 2023

Les deux entités s'engagent à un partenariat ""gagnant-gagnant"", œuvrant ensemble vers des horizons prometteurs, et faisant écho à l'ambition d'ISAGRI de devenir leader mondial du digital en agriculture et leader dans l'édition informatique pour la profession comptable en France d'ici 2030.","Le Groupe ISAGRI acquiert Welyb, la plateforme de gestion électronique de documents pour les cabinets d'expertise comptable.",Acquisition,6/7/2023,agiris_rachète_welyb__portail_client_et_ged_en_saas
16,Report de la réforme de la facture électronique,"Report de l'obligation de facturation électronique
- Report annoncé le 28 juillet 2023 par la DGFIP.
- La nouvelle date sera précisée dans la loi de finances pour 2024.
- Le report vise à assurer un passage optimal et sécurisé à la facturation électronique pour toutes les entreprises.

Rappel sur la facturation électronique
- Obligatoire depuis le 1er janvier 2021 pour les factures destinées au secteur public, en utilisant principalement le portail Chorus Pro.
- Transmission sur une plateforme utilisée par l'émetteur et le destinataire, pouvant être Chorus Pro ou une plateforme de dématérialisation partenaire accréditée.
- Un service d'immatriculation pour les plateformes de dématérialisation partenaire a été inauguré en mai 2023.

Champ d'application et modalités
- Concerne toutes les entreprises établies en France et assujetties à la TVA.
- Incorporation de nouvelles mentions obligatoires sur les factures, dont le numéro SIREN et l'adresse de livraison.
- Sécurisation via un cachet électronique qualifié possible grâce à la loi de finances pour 2023.
- Conservation obligatoire des factures sous format informatique pour une durée de 6 ans.

Préparation des entreprises à la transition
- Les entreprises doivent identifier les changements à apporter et adapter leur processus de traitement des factures.
- Choix d'une plateforme de réception des factures électroniques nécessaire.
- Ressources pour les entreprises : vidéos explicatives de l'AIFE et fiches informatives de la DGFIP.

Objectifs de la réforme
- Lutte contre la fraude à la TVA et diminution des charges administratives grâce à la dématérialisation.
- Amélioration de la connaissance de l'activité des entreprises en temps réel.
- Facilitation des obligations déclaratives de TVA à long terme.

Application outre-mer
- Non-applicable dans les collectivités d'outre-mer (COM) et certaines régions des départements d'outre-mer (DOM) où la TVA n'est pas en vigueur.
- Mise en place de l'e-reporting pour les transactions impliquant la France métropolitaine.
- Applicable dans les DOM de la Guadeloupe, Martinique, et La Réunion avec mise en place de l'e-reporting et de la facturation électronique.

Les entreprises sont invitées à se préparer activement pour cette transition majeure, en prenant connaissance des multiples ressources mises à leur disposition pour faciliter cette transition.","Le report de la généralisation de la facturation électronique a été annoncé, prévue initialement pour le 1er juillet 2024. On vous explique tout.",Facture électronique,29/7/2023,report_de_la_réforme_de_la_facture_électronique
18,Nouveau Calendrier de la Facturation Électronique,"Nouveau Calendrier de la Réforme
- Date de démarrage de la réforme: La DGFip, dirigée par Jérôme Fournel, souhaite lancer la réforme en 2026 avec une montée en puissance entre 2026 et 2027.
- Phase pilote: Initialement prévue au 1er semestre 2024, elle est maintenant décalée à 2025.
- Raisons du décalage: Jérôme Fournel justifie ce changement par le fait que les entreprises ne sont pas encore prêtes et que des défis techniques persistent.
""Pour que les gens soient prêts et que la technique soit prête, il faut effectivement prendre un peu plus de temps"", a déclaré Jérôme Fournel.

Immatriculation des Plateformes de Dématérialisation Partenaires (PDP)
- Immatriculation provisoire: Un processus d'immatriculation provisoire des PDP est en cours d'examen.
- Durée de l'immatriculation: Les périodes d'immatriculation seront prolongées, permettant aux PDP de s'inscrire temporairement.
- Aspects techniques et juridiques: Les PDP devront passer des tests avec le portail public de facturation (PPF) pour obtenir l'immatriculation.


Séparation de l'E-invoicing et de l'E-reporting
- Étude en cours: La DGFip examine la possibilité de séparer l'e-invoicing et l'e-reporting.
- Impact sur le calendrier: La décision de séparation ne doit pas compromettre le calendrier global du projet.


Il est clair que les ajustements au calendrier et aux modalités de la réforme de la facturation électronique sont principalement dus à des défis techniques et à un manque de préparation des entreprises.","La Direction Générale des Finances Publiques (DGFip) a dévoilé un nouveau calendrier pour la mise en place de la facture électronique. La réforme débutera en 2026 avec une montée en puissance entre 2026 et 2027, et une phase pilote projetée pour 2025. L'immatriculation provisoire des plateformes de dématérialisation partenaires (PDP) est également à l'étude.",Facture électronique,17/10/2023,nouveau_calendrier_de_la_facturation_électronique
19,Temps 2000 devient Tempolia,"Un changement de nom révélateur
- Nouvelle identité : L'éditeur de logiciel Temps 2000 change de nom et devient : Tempolia. Acteur indépendant depuis 35 ans spécialisé dans la gestion du temps et la gestion interne.
- Évolution stratégique : Pour marquer sa transition vers des solutions SAAS plus avancées et modernes.
- But du changement : Adapter les outils aux besoins actuels des experts-comptables et mettre en avant ses nouvelles solutions SAAS

Caractéristiques de Tempolia
Vous pouvez retrouver plus de détails concernant leur offre sur notre page dédiée à Tempolia.
- Orientation SAAS : Fournit des services hébergés dans le cloud, offrant flexibilité et accessibilité.
- Améliorations fonctionnelles : Intégration de fonctionnalités avancées pour une gestion plus efficace.
- Interface utilisateur modernisée : Conçue pour une expérience utilisateur améliorée et une prise en main intuitive.
- Utilisé quotidiennement par plus de 10 500 professionnels

Forfaits exclusivement en web :
- Tempolia Corporate, qui dispose de la gestion des temps et des frais;
- Tempolia Expert qui en plus permet de gérer la facturation, budgets de facturation, règlements, lettres de missions;
- Tempolia Enterprise pour les ETI et grandes entreprises qui met en places des connecteurs sur mesure pour RH et comptabilité
",L'éditeur historique de logiciel de gestion des temps Temps 2000 change de nom et devient Tempolia pour marquer son virage vers les offres SAAS et la sortie d'offres SaaS.,Annonce,26/12/2023,temps_2000_devient_tempolia
20,"Cyberattaque majeure chez Coaxis : rançongiciel et arrêt complet de ses services d'hébergement
","Détails sur l'attaque
- Incident majeur chez Coaxis : La société Coaxis, hébergeur certifié de données de santé (HDS), a subi une cyberattaque par rançongiciel le vendredi 8 décembre.
- Réaction de l'entreprise : Immédiatement après la détection de l'incident, le directeur général Joseph Veigas a annoncé l'implication d'un rançongiciel. La société a isolé ses systèmes pour protéger les données clients et a informé les autorités compétentes.
- Vulnérabilité exploitée : La vulnérabilité CitrixBleed (CVE-2023-4966) pourrait être à l'origine de cette cyberattaque, similaire à d'autres attaques récentes sur d'importantes entreprises.

Impact et mesures prises
- Impact sur les services et les clients : Coaxis, avec des clients dans le domaine de l'expertise comptable mais aussi des des soins de santé, a dû suspendre ses services (comme l'hébergement ou les boîtes mail) impactant ainsi l'accès aux données essentielles.
- Sauvegardes et restauration : Heureusement, la majorité des sauvegardes étaient intactes, permettant en théorie une récupération progressive des données dans les 15 prochaines jours. La société travaille sur la vérification de l'intégrité et la fonctionnalité des sauvegardes pour une réouverture sécurisée.

Conséquences et Prévention
- Conséquences économiques : Cette attaque a eu des répercussions importantes, provoquant un chômage technique chez certains clients et un ralentissement des activités dans la région.
- Mesures de prévention futures : Coaxis se concentre maintenant sur la sécurisation de ses infrastructures pour prévenir de futures attaques, soulignant l'importance de la cybersécurité dans le secteur de la santé.

""Nous avons eu à faire à un groupe d’attaquants connu... Nous nous devons de rester discrets sur nos modalités de reconstruction"" - Joseph Veigas, Directeur Général de Coaxis.

Retrouver notre article sur les meilleurs hébergeurs pour experts-comptables.","La société de services numériques Coaxis, spécialisée dans l'hébergement de données pour expert-comptable, a récemment été la cible d'une attaque de rançongiciel. Cette cyberattaque a provoqué l'arrêt de ses services. Les sauvegardes majoritairement préservées, la société travaille activement à la restauration de ses services.",Annonce,12/12/2023,"cyberattaque_majeure_chez_coaxis___rançongiciel_et_arrêt_complet_de_ses_services_d_hébergement
"
21,Qonto enrichit son offre pour TPE-PME en rachetant Regate,"Qonto, la néobanque française pour professionnels, vient d'annoncer le rachat de la start-up Regate. Cette acquisition stratégique va permettre à Qonto de compléter sa suite d'outils financiers à destination des petites entreprises, et d'accéder à un nouveau canal de distribution clé : les experts-comptables.
Regate, créée en 2020, a développé une plateforme de gestion financière et comptable tout-en-un pour les TPE et PME. Celle-ci propose des fonctionnalités comme la facturation, la gestion des notes de frais, le suivi des relances clients, etc. La jeune pousse a déjà séduit 10 000 entreprises clientes et levé 27 millions d'euros auprès d'investisseurs réputés comme Valar Ventures.
Pour Qonto, ce rachat permet d'étoffer significativement son offre de services aux petites entreprises, au-delà de son compte pro et sa carte de paiement initiale. ""Regate a construit une plateforme très complémentaire et plus avancée que nos outils actuels"" a déclaré Alexandre Prot, co-fondateur de Qonto.
Mais surtout, Regate distribue aussi sa solution auprès de 500 cabinets d'experts-comptables, ouvrant ainsi un nouveau canal de distribution stratégique pour Qonto. ""Nous nous sommes rencontrés avec les fondateurs de Regate lors d'un congrès d'experts-comptables, ce qui montre l'importance de ce canal"" explique Alexandre Prot.
Avec plus de 450 000 clients professionnels en France, Allemagne, Espagne et Italie, Qonto accélère ainsi sa diversification pour devenir une suite d'outils financiers incontournable pour les TPE-PME. Un pari stratégique qui rappelle celui de Pennylane, autre licorne française qui ambitionne de créer un hub de gestion financière complet pour les entreprises.","Qonto met la main sur Regate, une plateforme de gestion financière et comptable pour les TPE-PME, pour un montant non communiqué. Créée en 2020 par des anciens de Mailjet, elle propose une suite d'outils comme de la facturation, de la gestion de notes de frais, de la relance client… 
La licorne, qui compte 450.000 clients, passera ainsi de 1.400 à 1.500 salariés. Pour Regate, cette opération lui permet évidemment d'avoir plus de moyens et de s'étendre à l'échelle européenne.",Acquisition,7/3/2024,qonto_enrichit_son_offre_pour_tpe-pme_en_rachetant_regate
22,Pennylane lève 40 millions d'euros pour une valorisation de plus d'1 milliard d'euros,"La fintech française Pennylane, pionnière de la Comptatech, vient de boucler une levée de fonds de 40 millions d'euros en Série C auprès de Sequoia Capital et DST Global. Cette opération propulse l'entreprise au rang de licorne, reflétant sa très forte croissance au cours des deux dernières années. En effet, Pennylane a multiplié par 40 le nombre de TPE-PME utilisant sa plateforme, grâce à l'adoption de son outil par plus de 2 000 cabinets d'expertise-comptable.

Pennylane se distingue par son modèle économique : la société facture aux cabinets son outil de production comptable, tout en générant des revenus supplémentaires lorsque les cabinets équipent leurs clients de l'outil de gestion tout-en-un incluant un compte pro. Les fonds levés permettront à Pennylane d'accélérer le développement de ses modules, d'investir massivement dans l'intelligence artificielle et d'adopter une stratégie de croissance externe

L'objectif de Pennylane est de devenir le moteur de l'évolution de l'expertise-comptable en valorisant le rôle des experts-comptables plutôt que de prôner une automatisation totale. La plateforme offre des gains de temps considérables, une meilleure visibilité sur les finances pour les entreprises clientes et permet aux experts-comptables de jouer pleinement leur rôle de tiers de confiance.

Grâce à l'IA, Pennylane souhaite aller encore plus loin en apportant de nouvelles innovations aux professionnels du chiffre. Un chatbot spécifique au domaine comptable et un centre d'opportunités sont notamment envisagés pour une action comptable plus ciblée et pertinente. La fintech ambitionne également d'aider les collaborateurs à évoluer vers des missions d'accompagnement et de reporting, en les ""augmentant"" à l'aide de l'intelligence artificielle.

Cette levée de fonds intervient à un moment clé pour Pennylane, qui enregistre une croissance exceptionnelle. Elle va permettre à la société de soutenir encore plus les cabinets d'expertise comptable dans leur transition numérique et l'adoption de nouvelles technologies, afin de les armer face à la concurrence des néobanques et des solutions de comptabilité en ligne.","La fintech française Pennylane, pionnière de la Comptatech, vient de boucler un tour de table de 40 millions d'euros mené par Sequoia Capital et DST Global. Cette levée de fonds propulse la startup au rang de licorne, valorisant l'entreprise à plus d'un milliard d'euros.",Levée de fond,8/2/2024,pennylane_lève_40_millions_d_euros_pour_une_valorisation_de_plus_d_1_milliard_d_euros
23,"Visma rachète Chaintrust, pour renforcer son offre suite avec Inqom","Crée en 2018, Chaintrust, une solution de saisie automatisée (OCR) utilisé par plus de 600 cabinet d'expertise comptable en France, a été acquis par Visma. C'est sa seconde acquisition en France après le rachat de Inqom.

- Détail sur l'aquisition : Visma, un leader européen des logiciels cloud qui a récemment levé 4 milliards d'euros, a acquis Chaintrust, spécialisée dans l’automatisation et la saisie comptable.  Cette acquisition s’inscrit dans la stratégie globale de Visma de créer un écosystème complet et intégré pour les cabinets d’expertise comptable en France. En effet, en 2022 elle acquis la start-up française Inqom, spécialisée dans l’automatisation des tâches comptables. 
- Intérêt de l'opération : Cette opération vise donc à créer des synergies entre Chaintrust et Inqom, améliorant ainsi l’expérience client. Visma voit le marché français comme un terrain propice à l’innovation et à la croissance. L’objectif ultime est de révolutionner et d’optimiser la gestion comptable grâce à des solutions intégrées.
- Présentation de Visma : L'entreprise norvégienne est extrèmement active dans l’acquisition de start-up technologique en Europe, notamment dans les secteurs des logiciels et des fintechs. Le groupe cible des entreprises dans toute l’Europe, avec une présence dans une vingtaine de pays et un chiffre d’affaires de plus de deux milliards d’euros. Elle a racheté plus de 100 entreprises depuis 2021.","Visma, un leader européen des logiciels cloud qui a récemment levé 4 milliards d'euros, a acquis Chaintrust, spécialisée dans l’automatisation et la saisie comptable. Ce rachat fait suite au rachat du logiciel de production comptable Inqom en 2022.",Acquisition,17/1/2024,visma_rachète_chaintrust__pour_renforcer_son_offre_suite_avec_inqom
24,CEGID rachète EBP pour atteindre 750 000 clients,"Cegid entre en négociations exclusives pour acquérir EBP, pionnier des logiciels de gestion pour TPE/PME.
- L'acquisition permettra à Cegid d'accélérer sa stratégie européenne sur le marché des petites entreprises
- Cegid deviendra un leader pesant près d'un milliard d'euros annuels avec 750 000 clients
- EBP apporte à Cegid une large base clients et un réseau de 440 partenaires
- Pour EBP, l'adossement à Cegid permettra d'accélérer des chantiers stratégiques : passage au cloud, intégration de l'IA, généralisation de la facture électronique
- L'opération rapproche Cegid de son objectif de doubler son chiffre d'affaires à 1,3 milliard d'euros d'ici 2026
 
Cette acquisition de grande ampleur fait suite à de nombreux mouvements de ces derniers mois que l'on a détaillé dans nos news : levée de fond de Pennylane, rachat de Regate par Qonto, rachats d'entreprises par Visma, etc","Cegid entre en négociations exclusives pour acquérir EBP, pionnier des logiciels de gestion pour TPE/PME. Un rapprochement stratégique visant à créer un leader européen.",Acquisition,25/4/2024,cegid_rachète_ebp_pour_atteindre_750_000_clients
25,Visma consolide sa position en France avec l'acquisition de MyCompanyFiles,"Visma, leader européen des logiciels cloud, rachète MyCompanyFiles qui a plus de 800 cabinets d'expertise comptable clients. Après le rachat de Inqom, ChainTrust et Teledec en 2023 et 2024, ce rachat confirme les ambitions de Visma dans le secteur.
Une acquisition stratégique
- Visma annonce l'acquisition de MyCompanyFiles, spécialiste français des plateformes sécurisées pour l'échange de documents.
- Cette acquisition est la troisième de Visma en 2024 (après les rachats de Inqom et Chaintrust notamment) consolidant sa position sur le marché français des services comptables et professionnels.
« Nous voulons être le fournisseur préféré de logiciels intelligents, efficaces et sécurisés pour les cabinets d’expertise comptable », a déclaré Merete Hverven, PDG de Visma.

Expansion et intégration
- MyCompanyFiles, fondée en 2011, est reconnue pour sa plateforme innovante et conforme au RGPD.
- Le partenariat avec Visma permettra à MyCompanyFiles de bénéficier de ressources financières et technologiques supplémentaires.
- Visma a déjà intégré Chaintrust et Teledec en janvier 2024.
- MyCompanyFiles continuera à fonctionner avec son équipe de direction actuelle.
« Ce partenariat nous permettra de proposer des solutions améliorées et de favoriser une croissance durable sur le marché français », souligne Charles-Olivier Diebold, CEO de MyCompanyFiles.

Objectifs de croissance
- Chiffre d'affaires visé en France en 2024: 25 millions d'euros.
- Visma entend poursuivre sa croissance rapide et innover continuellement pour offrir de la valeur à ses clients.
- À l’échelle mondiale, Visma a réalisé 675 millions d'euros de chiffre d’affaires au premier trimestre 2024, représentant une croissance de 18 % par rapport à l'année précédente.
« Ensemble, nous continuerons à innover et à offrir une valeur exceptionnelle à nos clients », affirme Olivier Constant, Business Area Director, SMB Segment, Visma.

À propos de Visma
- Leader européen des logiciels cloud avec des solutions SaaS pour la comptabilité, la gestion financière et fiscale.
- Plus de 1,7 million de clients en Europe et en Amérique latine.
- Chiffre d'affaires de 2,4 milliards d'euros en 2023, avec une valorisation récente à 19 milliards d'euros en décembre 2023.","Visma, leader européen des logiciels cloud, renforce sa présence en France avec l'acquisition de MyCompanyFiles, un acteur majeur dans le domaine des plateformes sécurisées pour les cabinets d’expertise comptable.",Acquisition,23/5/2024,visma_consolide_sa_position_en_france_avec_l_acquisition_de_mycompanyfiles